{
    "Busia": [
        34.264795206,
        0.3712048
    ],
    "Uasin Gishu": [
        35.305059737,
        0.4771938
    ],
    "Machakos": [
        37.395269765,
        -1.27900465
    ],
    "Bomet": [
        35.23963843,
        -0.7196054
    ],
    "Nairobi": [
        36.826067805,
        -1.30316895
    ],
    "Homa Bay": [
        34.318781856,
        -0.56396015
    ],
    "Nyeri": [
        36.929561524,
        -0.32121045
    ],
    "Embu": [
        37.665288438,
        -0.5359479
    ],
    "Siaya": [
        34.20013501,
        -0.06040135
    ],
    "Isiolo": [
        38.747895385,
        1.00606005
    ],
    "Kisii": [
        34.753985512,
        -0.73894255
    ],
    "Kirinyaga": [
        37.302768104,
        -0.46887805
    ],
    "Makueni": [
        37.877171482,
        -2.25709305
    ],
    "Kiambu": [
        36.815686702,
        -1.03207695
    ],
    "Baringo": [
        36.020141938,
        0.72444025
    ],
    "Tana River": [
        39.550837455,
        -1.53651195
    ],
    "Mombasa": [
        39.648423937,
        -4.0390146
    ],
    "Kericho": [
        35.226127598,
        -0.3209968
    ],
    "Kwale": [
        39.105094975,
        -4.1836067
    ],
    "Nyandarua": [
        36.497768381,
        -0.39155345
    ],
    "Kajiado": [
        36.786255037,
        -2.12171705
    ],
    "Kisumu": [
        34.777857318,
        -0.197126
    ],
    "Kakamega": [
        34.801548862,
        0.4957104
    ],
    "Elgeyo-Marakwet": [
        35.561808314,
        0.74221915
    ],
    "Kilifi": [
        39.675071592,
        -3.15073925
    ],
    "Bungoma": [
        34.719168107,
        0.78292445
    ],
    "Trans-Nzoia": [
        34.979043973,
        1.04545825
    ],
    "Nyamira": [
        34.9341308,
        -0.65225405
    ],
    "Lamu": [
        40.728099153,
        -2.0645209
    ],
    "Kitui": [
        38.372811654,
        -1.56422195
    ],
    "Vihiga": [
        34.708033907,
        0.0831199
    ],
    "Nandi": [
        35.124492922,
        0.22539325
    ],
    "Mandera": [
        40.705616473,
        3.2285332
    ],
    "Taita Taveta": [
        38.367067628,
        -3.4178355
    ],
    "Laikipia": [
        36.825771077,
        0.2858452
    ],
    "Turkana": [
        35.597722822,
        2.76556575
    ],
    "Murang'a": [
        37.00486125,
        -0.83091505
    ],
    "Narok": [
        35.477422849,
        -1.27793655
    ],
    "Tharaka-Nithi": [
        37.961404956,
        -0.19370805
    ],
    "West Pokot": [
        35.210613007,
        1.8798608
    ],
    "Migori": [
        34.309643224,
        -1.0211616
    ],
    "Nakuru": [
        36.100803816,
        -0.4598213
    ],
    "Wajir": [
        40.024493932,
        1.9394402
    ],
    "Samburu": [
        36.942165992,
        1.5394463
    ],
    "Marsabit": [
        37.715489186,
        2.85795825
    ],
    "Meru": [
        37.777262372,
        0.2254509
    ],
    "Garissa": [
        40.356386906,
        -0.52360305
    ]
}